"","GS","ganancia_peso"
"1","8",11.46
"2","8",12.03
"3","8",15.62
"4","8",19.89
"5","8",20.05
"6","8",20.25
"7","8",20.66
"8","8",23.39
"9","8",24
"10","8",24.04
"11","8",24.94
"12","8",24.96
"13","8",25.55
"14","10",25.76
"15","8",26.19
"16","8",26.99
"17","8",27.22
"18","8",27.8
"19","8",27.95
"20","8",28.15
"21","10",28.66
"22","8",28.68
"23","10",29.28
"24","8",30.08
"25","8",30.48
"26","8",30.48
"27","10",30.55
"28","10",31.31
"29","10",32.2
"30","8",32.53
"31","8",32.62
"32","10",32.7
"33","8",33.42
"34","8",33.9
"35","8",34.12
"36","10",34.43
"37","10",34.66
"38","8",35.06
"39","10",35.07
"40","10",35.22
"41","10",35.33
"42","10",35.35
"43","10",35.67
"44","10",35.86
"45","13",36.02
"46","10",36.65
"47","10",36.74
"48","8",36.97
"49","8",37.24
"50","8",37.27
"51","10",37.43
"52","10",37.71
"53","10",38.06
"54","8",38.08
"55","8",38.27
"56","8",38.33
"57","13",38.37
"58","10",38.38
"59","10",38.8
"60","13",38.86
"61","10",38.89
"62","10",39.17
"63","10",39.2
"64","10",39.27
"65","10",39.47
"66","10",39.75
"67","10",39.78
"68","10",39.88
"69","8",39.98
"70","8",39.98
"71","8",40.17
"72","8",40.27
"73","10",40.68
"74","13",40.73
"75","10",40.76
"76","8",40.77
"77","10",40.87
"78","8",41.19
"79","8",41.25
"80","8",41.26
"81","10",41.3
"82","8",41.35
"83","10",41.38
"84","10",41.4
"85","10",41.46
"86","13",41.48
"87","10",41.62
"88","8",41.66
"89","10",41.69
"90","13",41.82
"91","10",41.91
"92","10",41.92
"93","8",42.01
"94","10",42.14
"95","10",42.15
"96","13",42.43
"97","10",42.63
"98","13",42.72
"99","10",42.73
"100","10",42.75
"101","13",43
"102","13",43.04
"103","13",43.07
"104","8",43.1
"105","8",43.36
"106","10",43.44
"107","10",43.56
"108","10",43.57
"109","13",43.62
"110","10",43.75
"111","13",43.79
"112","10",43.94
"113","10",43.98
"114","13",44.08
"115","13",44.28
"116","13",44.39
"117","8",44.4
"118","13",44.51
"119","13",44.56
"120","10",44.67
"121","10",44.75
"122","13",44.8
"123","13",44.91
"124","10",44.95
"125","13",44.97
"126","10",45.21
"127","10",45.27
"128","10",45.28
"129","10",45.29
"130","13",45.49
"131","13",45.5
"132","10",45.53
"133","10",45.56
"134","10",45.57
"135","13",45.6
"136","10",45.62
"137","10",45.63
"138","13",45.64
"139","10",45.69
"140","13",45.73
"141","13",45.79
"142","13",45.8
"143","10",45.88
"144","13",46.3
"145","10",46.35
"146","10",46.39
"147","8",46.39
"148","10",46.5
"149","10",46.59
"150","10",46.65
"151","8",46.76
"152","10",46.77
"153","10",46.88
"154","10",46.9
"155","10",46.99
"156","13",47.01
"157","10",47.09
"158","10",47.09
"159","10",47.12
"160","10",47.14
"161","13",47.17
"162","13",47.2
"163","10",47.24
"164","10",47.26
"165","10",47.35
"166","10",47.45
"167","10",47.54
"168","8",47.58
"169","10",47.63
"170","13",47.82
"171","10",47.83
"172","8",47.85
"173","13",47.88
"174","13",47.9
"175","10",47.9
"176","10",47.9
"177","10",48.05
"178","10",48.08
"179","13",48.15
"180","13",48.19
"181","13",48.24
"182","13",48.33
"183","10",48.33
"184","13",48.42
"185","13",48.56
"186","13",48.7
"187","10",48.8
"188","10",48.84
"189","10",49.01
"190","10",49.02
"191","10",49.03
"192","13",49.03
"193","10",49.04
"194","13",49.08
"195","10",49.09
"196","10",49.1
"197","13",49.11
"198","13",49.18
"199","13",49.19
"200","13",49.21
"201","10",49.24
"202","10",49.42
"203","10",49.47
"204","13",49.48
"205","13",49.56
"206","10",49.66
"207","10",49.89
"208","13",49.94
"209","13",49.94
"210","13",49.94
"211","10",49.96
"212","13",49.98
"213","10",50
"214","10",50.07
"215","10",50.19
"216","13",50.19
"217","13",50.2
"218","8",50.26
"219","13",50.34
"220","13",50.35
"221","10",50.36
"222","13",50.37
"223","13",50.41
"224","10",50.6
"225","10",50.61
"226","13",50.64
"227","13",50.65
"228","10",50.66
"229","13",50.66
"230","10",50.67
"231","10",50.68
"232","13",50.68
"233","13",50.71
"234","13",50.71
"235","13",50.79
"236","10",50.83
"237","13",50.87
"238","13",50.89
"239","10",50.92
"240","10",50.93
"241","10",50.98
"242","10",51.01
"243","13",51.11
"244","13",51.12
"245","10",51.14
"246","13",51.14
"247","13",51.28
"248","10",51.32
"249","13",51.43
"250","13",51.45
"251","13",51.66
"252","13",51.79
"253","13",51.8
"254","13",51.83
"255","13",51.93
"256","13",51.95
"257","10",52.03
"258","13",52.15
"259","13",52.29
"260","13",52.31
"261","13",52.33
"262","13",52.45
"263","10",52.46
"264","10",52.52
"265","10",52.55
"266","10",52.57
"267","10",52.58
"268","13",52.6
"269","13",52.67
"270","10",52.72
"271","13",52.74
"272","13",52.76
"273","13",52.76
"274","13",52.81
"275","13",52.81
"276","13",52.84
"277","10",52.9
"278","13",52.99
"279","13",53.12
"280","10",53.13
"281","16",53.26
"282","13",53.29
"283","10",53.33
"284","13",53.46
"285","10",53.47
"286","10",53.47
"287","10",53.48
"288","10",53.49
"289","13",53.5
"290","13",53.65
"291","13",53.66
"292","13",53.68
"293","10",53.86
"294","13",53.91
"295","13",53.93
"296","10",53.95
"297","13",53.96
"298","10",54
"299","10",54.05
"300","13",54.06
"301","13",54.07
"302","10",54.1
"303","13",54.1
"304","13",54.15
"305","13",54.22
"306","10",54.25
"307","13",54.35
"308","10",54.43
"309","13",54.48
"310","13",54.53
"311","13",54.62
"312","13",54.66
"313","10",54.66
"314","13",54.67
"315","13",54.68
"316","13",54.73
"317","10",54.85
"318","13",54.87
"319","13",54.88
"320","13",54.91
"321","13",54.91
"322","10",55
"323","10",55.02
"324","10",55.02
"325","13",55.07
"326","13",55.08
"327","13",55.14
"328","13",55.17
"329","13",55.18
"330","10",55.21
"331","13",55.22
"332","10",55.23
"333","13",55.3
"334","10",55.3
"335","10",55.36
"336","13",55.36
"337","13",55.37
"338","13",55.42
"339","10",55.43
"340","13",55.51
"341","13",55.53
"342","13",55.55
"343","13",55.6
"344","13",55.61
"345","13",55.61
"346","13",55.61
"347","13",55.65
"348","13",55.67
"349","13",55.68
"350","13",55.71
"351","13",55.73
"352","13",55.78
"353","13",55.81
"354","13",55.81
"355","13",55.82
"356","13",55.92
"357","13",55.92
"358","13",55.93
"359","13",55.95
"360","13",55.96
"361","13",55.99
"362","13",56.03
"363","13",56.1
"364","13",56.1
"365","13",56.12
"366","16",56.22
"367","13",56.33
"368","13",56.35
"369","13",56.37
"370","10",56.39
"371","13",56.41
"372","13",56.42
"373","13",56.47
"374","13",56.53
"375","13",56.56
"376","13",56.6
"377","13",56.68
"378","13",56.7
"379","13",56.73
"380","13",56.76
"381","13",56.77
"382","13",56.79
"383","13",56.79
"384","10",56.81
"385","10",56.81
"386","13",56.83
"387","13",56.86
"388","13",56.86
"389","13",56.93
"390","13",56.98
"391","13",57.01
"392","13",57.05
"393","13",57.07
"394","10",57.07
"395","13",57.1
"396","13",57.11
"397","13",57.16
"398","13",57.18
"399","10",57.19
"400","13",57.26
"401","13",57.32
"402","13",57.36
"403","10",57.37
"404","10",57.41
"405","13",57.44
"406","13",57.44
"407","10",57.45
"408","13",57.49
"409","13",57.51
"410","13",57.54
"411","13",57.62
"412","13",57.67
"413","13",57.74
"414","13",57.77
"415","13",57.82
"416","13",57.83
"417","13",57.87
"418","13",57.9
"419","13",57.9
"420","13",57.96
"421","10",57.97
"422","13",58.01
"423","13",58.04
"424","13",58.04
"425","16",58.05
"426","13",58.06
"427","10",58.06
"428","13",58.07
"429","13",58.1
"430","13",58.1
"431","13",58.13
"432","13",58.16
"433","13",58.16
"434","13",58.17
"435","13",58.21
"436","13",58.22
"437","13",58.22
"438","13",58.29
"439","13",58.35
"440","16",58.35
"441","16",58.35
"442","13",58.36
"443","13",58.43
"444","13",58.43
"445","13",58.47
"446","13",58.5
"447","13",58.53
"448","13",58.56
"449","13",58.57
"450","13",58.57
"451","10",58.58
"452","13",58.6
"453","13",58.64
"454","16",58.67
"455","13",58.7
"456","13",58.75
"457","16",58.79
"458","13",58.81
"459","13",58.82
"460","13",58.82
"461","13",58.84
"462","13",58.85
"463","13",58.88
"464","13",58.95
"465","13",59.01
"466","13",59.01
"467","16",59.05
"468","16",59.08
"469","13",59.13
"470","13",59.13
"471","16",59.14
"472","10",59.14
"473","13",59.19
"474","13",59.21
"475","13",59.22
"476","16",59.24
"477","13",59.32
"478","13",59.37
"479","13",59.42
"480","13",59.45
"481","13",59.49
"482","13",59.61
"483","13",59.65
"484","13",59.68
"485","13",59.68
"486","13",59.7
"487","13",59.71
"488","13",59.73
"489","10",59.74
"490","13",59.76
"491","13",59.78
"492","13",59.8
"493","13",59.86
"494","13",59.9
"495","13",59.91
"496","13",59.92
"497","13",59.94
"498","10",59.95
"499","13",59.96
"500","13",59.99
"501","13",60.05
"502","13",60.07
"503","13",60.13
"504","13",60.14
"505","13",60.17
"506","13",60.17
"507","13",60.24
"508","13",60.27
"509","13",60.29
"510","13",60.3
"511","13",60.3
"512","13",60.33
"513","10",60.35
"514","13",60.35
"515","13",60.36
"516","13",60.36
"517","13",60.36
"518","13",60.37
"519","10",60.38
"520","13",60.38
"521","13",60.39
"522","13",60.39
"523","13",60.41
"524","13",60.41
"525","13",60.48
"526","13",60.53
"527","16",60.57
"528","13",60.59
"529","16",60.6
"530","13",60.61
"531","13",60.62
"532","13",60.63
"533","13",60.69
"534","13",60.7
"535","13",60.7
"536","13",60.73
"537","13",60.84
"538","16",60.92
"539","13",60.94
"540","13",61
"541","13",61.05
"542","13",61.05
"543","13",61.06
"544","13",61.09
"545","13",61.09
"546","13",61.1
"547","10",61.11
"548","16",61.18
"549","13",61.2
"550","13",61.23
"551","13",61.28
"552","13",61.28
"553","13",61.29
"554","16",61.32
"555","13",61.36
"556","13",61.36
"557","16",61.4
"558","13",61.4
"559","16",61.4
"560","10",61.42
"561","13",61.44
"562","13",61.45
"563","13",61.46
"564","16",61.48
"565","13",61.49
"566","13",61.49
"567","13",61.52
"568","16",61.55
"569","16",61.56
"570","13",61.58
"571","13",61.59
"572","13",61.63
"573","13",61.66
"574","16",61.67
"575","13",61.67
"576","13",61.69
"577","13",61.71
"578","13",61.73
"579","13",61.74
"580","13",61.8
"581","13",61.82
"582","13",61.82
"583","13",61.85
"584","13",61.89
"585","16",61.91
"586","16",61.94
"587","13",61.95
"588","13",61.95
"589","13",61.97
"590","13",62.02
"591","16",62.09
"592","13",62.11
"593","13",62.11
"594","16",62.13
"595","13",62.13
"596","13",62.19
"597","13",62.2
"598","13",62.2
"599","16",62.21
"600","13",62.3
"601","13",62.3
"602","13",62.32
"603","13",62.32
"604","13",62.36
"605","13",62.36
"606","13",62.36
"607","13",62.36
"608","13",62.38
"609","13",62.4
"610","16",62.41
"611","13",62.45
"612","16",62.46
"613","13",62.46
"614","13",62.47
"615","13",62.5
"616","13",62.5
"617","13",62.5
"618","16",62.51
"619","16",62.55
"620","16",62.57
"621","13",62.61
"622","13",62.62
"623","13",62.64
"624","13",62.64
"625","13",62.68
"626","13",62.75
"627","16",62.78
"628","13",62.79
"629","16",62.8
"630","16",62.8
"631","13",62.83
"632","13",62.83
"633","13",62.88
"634","13",62.97
"635","13",62.97
"636","16",62.99
"637","13",63
"638","13",63.03
"639","13",63.06
"640","13",63.07
"641","16",63.14
"642","13",63.18
"643","16",63.19
"644","13",63.19
"645","13",63.2
"646","13",63.23
"647","16",63.24
"648","13",63.31
"649","13",63.36
"650","13",63.38
"651","13",63.4
"652","13",63.41
"653","10",63.44
"654","13",63.47
"655","13",63.47
"656","16",63.48
"657","16",63.49
"658","13",63.53
"659","13",63.53
"660","16",63.54
"661","16",63.54
"662","13",63.57
"663","13",63.59
"664","13",63.64
"665","13",63.65
"666","13",63.66
"667","13",63.7
"668","13",63.7
"669","13",63.71
"670","16",63.72
"671","13",63.73
"672","13",63.75
"673","13",63.77
"674","13",63.77
"675","13",63.78
"676","16",63.79
"677","13",63.83
"678","16",63.84
"679","13",63.87
"680","13",63.87
"681","13",63.89
"682","13",63.89
"683","13",63.93
"684","10",63.97
"685","16",63.98
"686","16",63.99
"687","13",64.19
"688","16",64.22
"689","13",64.23
"690","13",64.28
"691","13",64.31
"692","16",64.35
"693","16",64.37
"694","13",64.43
"695","13",64.47
"696","13",64.48
"697","10",64.49
"698","16",64.51
"699","16",64.53
"700","13",64.56
"701","16",64.59
"702","13",64.64
"703","16",64.66
"704","13",64.66
"705","13",64.66
"706","13",64.67
"707","13",64.68
"708","13",64.68
"709","13",64.68
"710","13",64.76
"711","13",64.77
"712","16",64.77
"713","13",64.78
"714","13",64.81
"715","13",64.83
"716","13",64.86
"717","13",64.87
"718","13",64.88
"719","13",64.92
"720","13",64.93
"721","13",65.03
"722","13",65.05
"723","16",65.05
"724","16",65.06
"725","13",65.12
"726","16",65.13
"727","16",65.14
"728","16",65.18
"729","13",65.18
"730","16",65.2
"731","13",65.21
"732","16",65.21
"733","13",65.23
"734","16",65.24
"735","13",65.29
"736","13",65.32
"737","13",65.33
"738","13",65.33
"739","16",65.33
"740","13",65.37
"741","16",65.39
"742","13",65.41
"743","13",65.41
"744","13",65.42
"745","13",65.45
"746","13",65.45
"747","13",65.48
"748","13",65.5
"749","13",65.52
"750","13",65.56
"751","16",65.63
"752","13",65.64
"753","16",65.64
"754","16",65.65
"755","13",65.68
"756","13",65.69
"757","13",65.71
"758","13",65.76
"759","13",65.77
"760","13",65.77
"761","13",65.79
"762","13",65.79
"763","13",65.8
"764","13",65.83
"765","13",65.85
"766","16",65.86
"767","13",65.89
"768","13",65.9
"769","13",65.93
"770","16",65.95
"771","16",66
"772","13",66
"773","16",66.04
"774","13",66.08
"775","13",66.08
"776","16",66.08
"777","16",66.09
"778","13",66.1
"779","16",66.1
"780","13",66.12
"781","13",66.13
"782","16",66.15
"783","13",66.17
"784","13",66.21
"785","13",66.22
"786","13",66.24
"787","16",66.26
"788","16",66.27
"789","16",66.29
"790","13",66.33
"791","16",66.34
"792","13",66.38
"793","16",66.39
"794","16",66.41
"795","13",66.43
"796","13",66.46
"797","13",66.47
"798","13",66.47
"799","13",66.48
"800","13",66.49
"801","13",66.49
"802","13",66.52
"803","13",66.53
"804","13",66.59
"805","13",66.61
"806","16",66.62
"807","13",66.62
"808","13",66.68
"809","13",66.73
"810","16",66.77
"811","13",66.77
"812","16",66.8
"813","13",66.83
"814","13",66.83
"815","13",66.85
"816","13",66.85
"817","16",66.87
"818","16",66.92
"819","13",66.94
"820","13",66.95
"821","13",66.99
"822","13",66.99
"823","16",67
"824","16",67.04
"825","13",67.05
"826","13",67.07
"827","13",67.09
"828","16",67.14
"829","16",67.15
"830","13",67.17
"831","13",67.2
"832","13",67.21
"833","13",67.25
"834","13",67.26
"835","13",67.28
"836","13",67.29
"837","16",67.31
"838","16",67.33
"839","13",67.35
"840","16",67.38
"841","13",67.43
"842","16",67.44
"843","16",67.48
"844","13",67.5
"845","16",67.52
"846","16",67.54
"847","16",67.56
"848","16",67.56
"849","13",67.57
"850","16",67.62
"851","16",67.62
"852","16",67.63
"853","13",67.65
"854","16",67.67
"855","13",67.69
"856","16",67.7
"857","13",67.7
"858","16",67.71
"859","13",67.72
"860","13",67.72
"861","13",67.78
"862","13",67.78
"863","16",67.78
"864","16",67.79
"865","13",67.81
"866","16",67.82
"867","16",67.85
"868","13",67.88
"869","16",67.9
"870","16",67.97
"871","16",67.98
"872","16",68.03
"873","16",68.03
"874","16",68.1
"875","13",68.16
"876","16",68.17
"877","16",68.22
"878","13",68.24
"879","13",68.26
"880","16",68.3
"881","16",68.34
"882","16",68.37
"883","13",68.41
"884","16",68.41
"885","13",68.41
"886","13",68.43
"887","16",68.44
"888","16",68.45
"889","13",68.46
"890","13",68.47
"891","13",68.49
"892","16",68.5
"893","13",68.52
"894","13",68.54
"895","13",68.55
"896","13",68.55
"897","13",68.55
"898","16",68.58
"899","13",68.58
"900","13",68.6
"901","16",68.62
"902","16",68.67
"903","13",68.67
"904","13",68.67
"905","13",68.69
"906","16",68.7
"907","13",68.71
"908","16",68.73
"909","13",68.73
"910","13",68.79
"911","13",68.81
"912","16",68.86
"913","16",68.86
"914","13",68.87
"915","16",68.87
"916","13",68.87
"917","16",68.89
"918","13",68.96
"919","16",68.98
"920","16",68.99
"921","16",68.99
"922","13",69.01
"923","16",69.07
"924","13",69.08
"925","16",69.12
"926","16",69.13
"927","13",69.13
"928","16",69.14
"929","13",69.21
"930","16",69.23
"931","13",69.23
"932","13",69.23
"933","16",69.27
"934","13",69.28
"935","16",69.31
"936","13",69.31
"937","16",69.33
"938","16",69.34
"939","16",69.36
"940","13",69.43
"941","16",69.44
"942","16",69.46
"943","13",69.49
"944","13",69.49
"945","16",69.5
"946","13",69.51
"947","16",69.54
"948","16",69.56
"949","16",69.59
"950","13",69.66
"951","13",69.72
"952","16",69.77
"953","16",69.8
"954","13",69.83
"955","13",69.84
"956","16",69.86
"957","13",69.87
"958","13",69.96
"959","16",70.01
"960","16",70.01
"961","16",70.03
"962","13",70.07
"963","16",70.13
"964","13",70.15
"965","13",70.15
"966","16",70.18
"967","13",70.18
"968","16",70.21
"969","13",70.22
"970","13",70.24
"971","13",70.27
"972","13",70.28
"973","13",70.29
"974","13",70.3
"975","16",70.32
"976","13",70.33
"977","13",70.34
"978","13",70.35
"979","13",70.37
"980","16",70.41
"981","16",70.41
"982","16",70.43
"983","16",70.45
"984","16",70.45
"985","13",70.47
"986","16",70.51
"987","16",70.51
"988","13",70.53
"989","16",70.56
"990","13",70.56
"991","16",70.61
"992","16",70.63
"993","13",70.64
"994","13",70.65
"995","16",70.65
"996","13",70.65
"997","13",70.66
"998","13",70.72
"999","16",70.73
"1000","13",70.74
"1001","13",70.75
"1002","16",70.77
"1003","16",70.78
"1004","13",70.82
"1005","16",70.85
"1006","16",70.85
"1007","13",70.85
"1008","16",70.86
"1009","13",70.86
"1010","16",70.87
"1011","16",70.88
"1012","13",70.88
"1013","13",70.89
"1014","16",70.9
"1015","16",70.9
"1016","16",70.94
"1017","16",70.94
"1018","16",70.96
"1019","13",70.99
"1020","16",71
"1021","16",71
"1022","16",71.02
"1023","13",71.04
"1024","16",71.05
"1025","16",71.06
"1026","16",71.09
"1027","16",71.12
"1028","16",71.14
"1029","13",71.16
"1030","16",71.17
"1031","16",71.17
"1032","13",71.18
"1033","16",71.23
"1034","13",71.24
"1035","16",71.27
"1036","13",71.28
"1037","13",71.3
"1038","16",71.36
"1039","13",71.36
"1040","16",71.36
"1041","16",71.39
"1042","16",71.39
"1043","16",71.42
"1044","16",71.45
"1045","16",71.45
"1046","13",71.46
"1047","13",71.46
"1048","16",71.46
"1049","16",71.46
"1050","16",71.51
"1051","13",71.51
"1052","16",71.52
"1053","13",71.52
"1054","13",71.53
"1055","16",71.55
"1056","16",71.55
"1057","16",71.58
"1058","16",71.61
"1059","16",71.62
"1060","16",71.64
"1061","16",71.67
"1062","16",71.67
"1063","16",71.69
"1064","16",71.7
"1065","16",71.76
"1066","13",71.82
"1067","16",71.85
"1068","16",71.85
"1069","16",71.86
"1070","16",71.88
"1071","16",71.88
"1072","13",71.89
"1073","16",71.92
"1074","16",71.93
"1075","16",71.94
"1076","13",71.97
"1077","16",71.98
"1078","16",72
"1079","16",72.01
"1080","16",72.04
"1081","13",72.06
"1082","16",72.07
"1083","16",72.08
"1084","16",72.11
"1085","16",72.11
"1086","16",72.11
"1087","13",72.13
"1088","13",72.13
"1089","13",72.16
"1090","16",72.17
"1091","16",72.18
"1092","16",72.18
"1093","13",72.2
"1094","16",72.24
"1095","16",72.33
"1096","16",72.35
"1097","16",72.36
"1098","16",72.36
"1099","16",72.47
"1100","16",72.48
"1101","13",72.49
"1102","13",72.52
"1103","16",72.54
"1104","16",72.54
"1105","16",72.54
"1106","16",72.55
"1107","13",72.55
"1108","16",72.57
"1109","16",72.59
"1110","16",72.59
"1111","13",72.61
"1112","13",72.61
"1113","16",72.62
"1114","16",72.64
"1115","16",72.67
"1116","16",72.69
"1117","16",72.71
"1118","16",72.72
"1119","16",72.76
"1120","16",72.77
"1121","13",72.79
"1122","13",72.8
"1123","16",72.8
"1124","13",72.83
"1125","16",72.91
"1126","13",72.91
"1127","16",72.92
"1128","13",72.92
"1129","16",72.92
"1130","16",72.93
"1131","16",72.94
"1132","13",72.95
"1133","16",72.96
"1134","16",72.97
"1135","16",73.04
"1136","16",73.09
"1137","16",73.1
"1138","16",73.12
"1139","16",73.14
"1140","16",73.17
"1141","16",73.21
"1142","13",73.22
"1143","16",73.24
"1144","16",73.25
"1145","13",73.26
"1146","13",73.27
"1147","16",73.28
"1148","16",73.29
"1149","16",73.31
"1150","16",73.36
"1151","16",73.37
"1152","16",73.38
"1153","16",73.42
"1154","16",73.43
"1155","16",73.45
"1156","16",73.51
"1157","16",73.52
"1158","13",73.53
"1159","16",73.55
"1160","16",73.58
"1161","16",73.6
"1162","13",73.61
"1163","16",73.61
"1164","16",73.64
"1165","16",73.67
"1166","16",73.67
"1167","13",73.69
"1168","13",73.74
"1169","16",73.82
"1170","16",73.85
"1171","16",73.89
"1172","16",73.91
"1173","16",73.92
"1174","16",73.93
"1175","13",73.97
"1176","16",73.99
"1177","16",74
"1178","13",74.01
"1179","13",74.02
"1180","16",74.03
"1181","16",74.05
"1182","16",74.07
"1183","13",74.08
"1184","16",74.12
"1185","16",74.13
"1186","16",74.16
"1187","16",74.2
"1188","13",74.21
"1189","16",74.22
"1190","16",74.23
"1191","16",74.23
"1192","13",74.24
"1193","13",74.24
"1194","13",74.25
"1195","16",74.25
"1196","16",74.32
"1197","16",74.38
"1198","16",74.38
"1199","16",74.39
"1200","16",74.4
"1201","16",74.41
"1202","16",74.42
"1203","16",74.44
"1204","16",74.45
"1205","16",74.45
"1206","16",74.46
"1207","16",74.47
"1208","16",74.5
"1209","16",74.51
"1210","16",74.51
"1211","16",74.51
"1212","16",74.52
"1213","16",74.55
"1214","16",74.56
"1215","13",74.57
"1216","13",74.59
"1217","16",74.6
"1218","16",74.61
"1219","16",74.63
"1220","16",74.63
"1221","16",74.64
"1222","16",74.65
"1223","16",74.67
"1224","16",74.68
"1225","16",74.68
"1226","16",74.69
"1227","18",74.71
"1228","16",74.71
"1229","16",74.73
"1230","16",74.73
"1231","16",74.77
"1232","13",74.78
"1233","16",74.79
"1234","18",74.8
"1235","16",74.82
"1236","16",74.83
"1237","16",74.87
"1238","16",74.89
"1239","16",74.89
"1240","16",74.95
"1241","16",74.97
"1242","13",74.97
"1243","13",75.01
"1244","16",75.01
"1245","16",75.03
"1246","16",75.07
"1247","16",75.07
"1248","16",75.1
"1249","16",75.13
"1250","16",75.14
"1251","16",75.15
"1252","16",75.16
"1253","16",75.24
"1254","16",75.25
"1255","16",75.25
"1256","13",75.27
"1257","16",75.39
"1258","16",75.39
"1259","16",75.4
"1260","16",75.4
"1261","16",75.44
"1262","16",75.48
"1263","16",75.49
"1264","16",75.5
"1265","16",75.51
"1266","16",75.52
"1267","16",75.52
"1268","16",75.53
"1269","16",75.54
"1270","16",75.56
"1271","16",75.58
"1272","16",75.58
"1273","16",75.6
"1274","16",75.63
"1275","13",75.64
"1276","13",75.69
"1277","16",75.71
"1278","16",75.71
"1279","16",75.72
"1280","18",75.73
"1281","13",75.75
"1282","16",75.78
"1283","13",75.8
"1284","16",75.86
"1285","13",75.95
"1286","16",75.96
"1287","16",75.96
"1288","16",75.97
"1289","16",75.97
"1290","16",75.99
"1291","18",76.02
"1292","16",76.04
"1293","16",76.06
"1294","16",76.11
"1295","16",76.13
"1296","16",76.15
"1297","16",76.17
"1298","16",76.17
"1299","16",76.18
"1300","13",76.18
"1301","16",76.18
"1302","16",76.23
"1303","18",76.23
"1304","16",76.24
"1305","13",76.25
"1306","13",76.26
"1307","16",76.27
"1308","16",76.28
"1309","16",76.38
"1310","16",76.4
"1311","16",76.42
"1312","13",76.46
"1313","16",76.47
"1314","16",76.47
"1315","16",76.49
"1316","16",76.52
"1317","16",76.52
"1318","16",76.53
"1319","16",76.53
"1320","16",76.53
"1321","16",76.54
"1322","13",76.54
"1323","16",76.56
"1324","16",76.58
"1325","16",76.59
"1326","16",76.62
"1327","16",76.64
"1328","16",76.66
"1329","16",76.7
"1330","13",76.71
"1331","16",76.74
"1332","16",76.75
"1333","16",76.76
"1334","16",76.78
"1335","16",76.8
"1336","16",76.82
"1337","16",76.83
"1338","16",76.9
"1339","16",76.93
"1340","16",76.95
"1341","16",76.96
"1342","16",76.97
"1343","16",76.98
"1344","16",76.98
"1345","16",77.01
"1346","16",77.02
"1347","16",77.03
"1348","16",77.04
"1349","16",77.09
"1350","16",77.14
"1351","16",77.15
"1352","16",77.21
"1353","13",77.23
"1354","13",77.23
"1355","16",77.24
"1356","16",77.25
"1357","16",77.28
"1358","16",77.28
"1359","16",77.31
"1360","16",77.31
"1361","13",77.31
"1362","16",77.32
"1363","13",77.33
"1364","16",77.36
"1365","16",77.36
"1366","16",77.36
"1367","16",77.37
"1368","16",77.39
"1369","16",77.4
"1370","16",77.42
"1371","18",77.42
"1372","16",77.44
"1373","16",77.45
"1374","16",77.46
"1375","16",77.46
"1376","16",77.46
"1377","16",77.46
"1378","16",77.47
"1379","16",77.47
"1380","16",77.48
"1381","16",77.57
"1382","16",77.63
"1383","16",77.64
"1384","16",77.66
"1385","16",77.67
"1386","13",77.68
"1387","18",77.68
"1388","16",77.68
"1389","16",77.68
"1390","13",77.71
"1391","16",77.72
"1392","16",77.72
"1393","16",77.73
"1394","16",77.76
"1395","13",77.79
"1396","16",77.81
"1397","16",77.81
"1398","16",77.82
"1399","16",77.82
"1400","16",77.84
"1401","16",77.89
"1402","16",77.89
"1403","16",77.93
"1404","16",77.94
"1405","16",77.97
"1406","16",77.99
"1407","16",78
"1408","16",78.06
"1409","16",78.1
"1410","16",78.1
"1411","16",78.11
"1412","16",78.12
"1413","16",78.14
"1414","16",78.14
"1415","16",78.18
"1416","16",78.18
"1417","13",78.19
"1418","16",78.22
"1419","16",78.25
"1420","16",78.28
"1421","16",78.29
"1422","16",78.29
"1423","13",78.3
"1424","16",78.33
"1425","16",78.34
"1426","13",78.35
"1427","16",78.39
"1428","16",78.39
"1429","16",78.39
"1430","16",78.41
"1431","16",78.41
"1432","16",78.41
"1433","16",78.44
"1434","16",78.48
"1435","16",78.52
"1436","16",78.53
"1437","16",78.53
"1438","16",78.58
"1439","16",78.6
"1440","16",78.63
"1441","16",78.63
"1442","16",78.67
"1443","16",78.7
"1444","18",78.75
"1445","16",78.76
"1446","16",78.77
"1447","16",78.8
"1448","16",78.82
"1449","16",78.83
"1450","16",78.87
"1451","13",78.95
"1452","16",78.96
"1453","16",78.97
"1454","16",78.98
"1455","16",78.99
"1456","16",78.99
"1457","16",79.02
"1458","16",79.07
"1459","16",79.09
"1460","16",79.09
"1461","16",79.11
"1462","16",79.13
"1463","16",79.2
"1464","16",79.22
"1465","16",79.22
"1466","16",79.22
"1467","16",79.22
"1468","16",79.26
"1469","13",79.27
"1470","16",79.29
"1471","13",79.31
"1472","16",79.33
"1473","16",79.34
"1474","16",79.39
"1475","16",79.39
"1476","18",79.4
"1477","16",79.41
"1478","16",79.41
"1479","16",79.42
"1480","16",79.43
"1481","16",79.44
"1482","16",79.44
"1483","16",79.47
"1484","16",79.48
"1485","16",79.49
"1486","16",79.5
"1487","16",79.51
"1488","16",79.52
"1489","16",79.53
"1490","16",79.53
"1491","16",79.54
"1492","16",79.54
"1493","16",79.55
"1494","16",79.57
"1495","16",79.58
"1496","16",79.59
"1497","16",79.6
"1498","16",79.62
"1499","16",79.64
"1500","16",79.65
"1501","18",79.67
"1502","16",79.69
"1503","18",79.7
"1504","16",79.7
"1505","16",79.72
"1506","16",79.75
"1507","16",79.77
"1508","16",79.77
"1509","16",79.79
"1510","18",79.81
"1511","16",79.84
"1512","16",79.85
"1513","16",79.86
"1514","16",79.9
"1515","16",79.91
"1516","16",79.95
"1517","16",79.96
"1518","16",79.96
"1519","16",79.96
"1520","16",79.97
"1521","16",80
"1522","16",80.01
"1523","16",80.02
"1524","16",80.03
"1525","16",80.07
"1526","16",80.07
"1527","16",80.11
"1528","16",80.13
"1529","16",80.13
"1530","16",80.14
"1531","16",80.2
"1532","16",80.2
"1533","18",80.2
"1534","16",80.21
"1535","16",80.22
"1536","16",80.24
"1537","16",80.25
"1538","16",80.26
"1539","16",80.27
"1540","16",80.27
"1541","16",80.29
"1542","16",80.35
"1543","16",80.38
"1544","16",80.39
"1545","16",80.4
"1546","16",80.41
"1547","16",80.41
"1548","16",80.42
"1549","16",80.45
"1550","16",80.46
"1551","16",80.47
"1552","16",80.48
"1553","16",80.48
"1554","16",80.5
"1555","16",80.52
"1556","16",80.56
"1557","16",80.58
"1558","16",80.59
"1559","18",80.6
"1560","16",80.61
"1561","16",80.61
"1562","16",80.61
"1563","16",80.62
"1564","16",80.62
"1565","16",80.62
"1566","16",80.63
"1567","18",80.75
"1568","16",80.75
"1569","18",80.8
"1570","16",80.8
"1571","16",80.8
"1572","16",80.82
"1573","16",80.83
"1574","16",80.84
"1575","13",80.88
"1576","16",80.89
"1577","18",80.89
"1578","18",80.9
"1579","16",80.93
"1580","16",80.94
"1581","16",81
"1582","16",81.04
"1583","16",81.06
"1584","16",81.11
"1585","16",81.14
"1586","16",81.14
"1587","16",81.2
"1588","16",81.2
"1589","18",81.21
"1590","16",81.23
"1591","16",81.23
"1592","16",81.24
"1593","16",81.27
"1594","16",81.27
"1595","13",81.28
"1596","16",81.3
"1597","18",81.32
"1598","16",81.33
"1599","16",81.36
"1600","16",81.41
"1601","16",81.43
"1602","16",81.44
"1603","16",81.45
"1604","16",81.45
"1605","16",81.46
"1606","13",81.46
"1607","16",81.52
"1608","16",81.55
"1609","16",81.58
"1610","16",81.59
"1611","18",81.61
"1612","16",81.64
"1613","16",81.65
"1614","18",81.67
"1615","16",81.67
"1616","18",81.67
"1617","18",81.72
"1618","18",81.76
"1619","16",81.8
"1620","16",81.84
"1621","16",81.9
"1622","16",81.9
"1623","16",81.9
"1624","16",81.9
"1625","16",81.93
"1626","16",81.95
"1627","16",81.95
"1628","16",82
"1629","18",82.01
"1630","16",82.03
"1631","16",82.03
"1632","18",82.12
"1633","16",82.12
"1634","16",82.13
"1635","16",82.14
"1636","16",82.16
"1637","16",82.19
"1638","16",82.2
"1639","16",82.23
"1640","16",82.23
"1641","16",82.26
"1642","13",82.26
"1643","16",82.27
"1644","16",82.29
"1645","16",82.32
"1646","16",82.32
"1647","16",82.33
"1648","16",82.34
"1649","18",82.42
"1650","16",82.44
"1651","16",82.44
"1652","16",82.46
"1653","16",82.47
"1654","16",82.49
"1655","16",82.51
"1656","16",82.53
"1657","13",82.55
"1658","16",82.6
"1659","16",82.61
"1660","16",82.62
"1661","16",82.64
"1662","16",82.64
"1663","16",82.65
"1664","18",82.67
"1665","16",82.69
"1666","16",82.69
"1667","16",82.69
"1668","16",82.71
"1669","16",82.75
"1670","16",82.77
"1671","16",82.82
"1672","16",82.86
"1673","16",82.86
"1674","16",82.86
"1675","18",82.86
"1676","16",82.9
"1677","16",82.91
"1678","16",82.91
"1679","16",82.91
"1680","16",82.94
"1681","16",82.94
"1682","18",82.96
"1683","18",82.97
"1684","16",83
"1685","16",83.01
"1686","16",83.02
"1687","18",83.03
"1688","18",83.04
"1689","16",83.05
"1690","16",83.07
"1691","16",83.1
"1692","16",83.1
"1693","16",83.1
"1694","16",83.11
"1695","13",83.11
"1696","16",83.12
"1697","16",83.14
"1698","16",83.15
"1699","16",83.16
"1700","18",83.17
"1701","16",83.19
"1702","16",83.2
"1703","18",83.21
"1704","16",83.22
"1705","16",83.22
"1706","16",83.22
"1707","16",83.24
"1708","16",83.29
"1709","16",83.31
"1710","18",83.33
"1711","16",83.35
"1712","16",83.36
"1713","16",83.39
"1714","16",83.39
"1715","16",83.4
"1716","16",83.41
"1717","16",83.43
"1718","18",83.44
"1719","18",83.45
"1720","16",83.45
"1721","16",83.54
"1722","16",83.55
"1723","16",83.61
"1724","16",83.62
"1725","16",83.65
"1726","16",83.66
"1727","16",83.66
"1728","16",83.7
"1729","16",83.77
"1730","16",83.83
"1731","16",83.83
"1732","16",83.84
"1733","16",83.86
"1734","16",83.86
"1735","18",83.88
"1736","16",83.94
"1737","18",83.94
"1738","16",83.94
"1739","16",83.96
"1740","16",83.98
"1741","16",83.99
"1742","18",84.06
"1743","16",84.07
"1744","18",84.13
"1745","16",84.15
"1746","16",84.18
"1747","18",84.18
"1748","18",84.23
"1749","16",84.24
"1750","16",84.24
"1751","16",84.28
"1752","16",84.28
"1753","16",84.3
"1754","16",84.3
"1755","18",84.33
"1756","16",84.36
"1757","16",84.37
"1758","16",84.38
"1759","16",84.38
"1760","16",84.41
"1761","18",84.47
"1762","16",84.49
"1763","16",84.5
"1764","18",84.5
"1765","18",84.51
"1766","16",84.54
"1767","16",84.59
"1768","16",84.59
"1769","16",84.6
"1770","16",84.6
"1771","16",84.61
"1772","16",84.61
"1773","16",84.62
"1774","18",84.64
"1775","16",84.65
"1776","16",84.65
"1777","18",84.67
"1778","16",84.69
"1779","16",84.69
"1780","16",84.7
"1781","18",84.7
"1782","18",84.71
"1783","18",84.73
"1784","18",84.74
"1785","16",84.8
"1786","16",84.8
"1787","18",84.8
"1788","16",84.8
"1789","18",84.81
"1790","16",84.82
"1791","18",84.86
"1792","16",84.88
"1793","16",84.92
"1794","18",84.93
"1795","18",84.95
"1796","16",84.97
"1797","16",84.98
"1798","18",85
"1799","16",85.05
"1800","18",85.06
"1801","16",85.06
"1802","16",85.15
"1803","18",85.17
"1804","16",85.17
"1805","16",85.18
"1806","18",85.18
"1807","16",85.19
"1808","16",85.19
"1809","16",85.19
"1810","16",85.2
"1811","16",85.25
"1812","16",85.25
"1813","16",85.27
"1814","16",85.29
"1815","16",85.32
"1816","16",85.32
"1817","18",85.35
"1818","16",85.39
"1819","18",85.41
"1820","18",85.41
"1821","18",85.47
"1822","16",85.5
"1823","18",85.52
"1824","16",85.53
"1825","18",85.72
"1826","18",85.84
"1827","18",85.87
"1828","16",85.89
"1829","18",85.9
"1830","20",85.92
"1831","18",86.01
"1832","16",86.01
"1833","16",86.01
"1834","16",86.02
"1835","18",86.05
"1836","18",86.07
"1837","18",86.07
"1838","18",86.08
"1839","16",86.08
"1840","16",86.09
"1841","16",86.12
"1842","16",86.13
"1843","16",86.14
"1844","18",86.15
"1845","16",86.18
"1846","18",86.2
"1847","18",86.22
"1848","16",86.22
"1849","18",86.23
"1850","18",86.24
"1851","18",86.24
"1852","16",86.24
"1853","16",86.25
"1854","16",86.26
"1855","16",86.27
"1856","18",86.32
"1857","16",86.34
"1858","16",86.35
"1859","20",86.36
"1860","18",86.41
"1861","16",86.41
"1862","18",86.46
"1863","18",86.46
"1864","18",86.55
"1865","18",86.56
"1866","16",86.6
"1867","18",86.63
"1868","16",86.67
"1869","18",86.68
"1870","18",86.68
"1871","16",86.73
"1872","16",86.73
"1873","16",86.78
"1874","16",86.78
"1875","16",86.82
"1876","18",86.84
"1877","18",86.88
"1878","16",86.91
"1879","16",86.91
"1880","18",86.94
"1881","16",86.96
"1882","16",86.97
"1883","18",87.01
"1884","16",87.01
"1885","18",87.03
"1886","18",87.04
"1887","16",87.05
"1888","18",87.07
"1889","18",87.09
"1890","18",87.09
"1891","16",87.12
"1892","16",87.13
"1893","18",87.14
"1894","16",87.17
"1895","16",87.18
"1896","16",87.18
"1897","18",87.19
"1898","18",87.19
"1899","16",87.25
"1900","16",87.26
"1901","18",87.26
"1902","16",87.29
"1903","16",87.29
"1904","18",87.37
"1905","18",87.45
"1906","16",87.45
"1907","18",87.48
"1908","16",87.49
"1909","16",87.54
"1910","16",87.56
"1911","18",87.56
"1912","18",87.56
"1913","16",87.6
"1914","16",87.66
"1915","18",87.66
"1916","18",87.68
"1917","16",87.69
"1918","18",87.71
"1919","16",87.75
"1920","16",87.75
"1921","18",87.75
"1922","16",87.76
"1923","16",87.78
"1924","16",87.85
"1925","16",87.89
"1926","16",87.92
"1927","16",87.94
"1928","18",87.95
"1929","16",87.98
"1930","18",87.99
"1931","16",88.02
"1932","16",88.07
"1933","16",88.09
"1934","16",88.14
"1935","18",88.17
"1936","16",88.19
"1937","16",88.23
"1938","16",88.23
"1939","16",88.24
"1940","18",88.25
"1941","18",88.26
"1942","16",88.26
"1943","18",88.26
"1944","18",88.27
"1945","16",88.28
"1946","16",88.31
"1947","16",88.32
"1948","18",88.34
"1949","16",88.36
"1950","16",88.38
"1951","18",88.45
"1952","18",88.47
"1953","18",88.47
"1954","18",88.48
"1955","18",88.51
"1956","16",88.51
"1957","18",88.51
"1958","18",88.52
"1959","16",88.53
"1960","18",88.54
"1961","16",88.55
"1962","16",88.56
"1963","18",88.57
"1964","16",88.59
"1965","16",88.6
"1966","18",88.61
"1967","16",88.65
"1968","16",88.66
"1969","16",88.72
"1970","18",88.72
"1971","18",88.72
"1972","16",88.78
"1973","18",88.87
"1974","18",88.88
"1975","18",88.91
"1976","18",88.95
"1977","18",88.98
"1978","16",89.01
"1979","18",89.04
"1980","16",89.07
"1981","16",89.1
"1982","16",89.19
"1983","18",89.19
"1984","18",89.19
"1985","16",89.22
"1986","16",89.23
"1987","18",89.34
"1988","16",89.36
"1989","16",89.38
"1990","16",89.39
"1991","18",89.4
"1992","18",89.48
"1993","16",89.5
"1994","16",89.52
"1995","16",89.53
"1996","18",89.57
"1997","18",89.58
"1998","18",89.59
"1999","18",89.62
"2000","18",89.66
"2001","18",89.68
"2002","16",89.68
"2003","18",89.69
"2004","18",89.7
"2005","16",89.7
"2006","18",89.76
"2007","18",89.77
"2008","18",89.81
"2009","18",89.83
"2010","16",89.84
"2011","16",89.88
"2012","16",89.88
"2013","18",89.89
"2014","16",89.98
"2015","16",90
"2016","18",90.01
"2017","18",90.02
"2018","16",90.03
"2019","16",90.04
"2020","18",90.06
"2021","16",90.07
"2022","18",90.08
"2023","18",90.08
"2024","16",90.1
"2025","18",90.1
"2026","18",90.11
"2027","18",90.11
"2028","16",90.11
"2029","18",90.13
"2030","18",90.17
"2031","18",90.18
"2032","18",90.22
"2033","18",90.26
"2034","18",90.36
"2035","18",90.39
"2036","18",90.4
"2037","16",90.43
"2038","18",90.43
"2039","16",90.46
"2040","18",90.46
"2041","16",90.49
"2042","16",90.49
"2043","16",90.5
"2044","18",90.52
"2045","16",90.53
"2046","18",90.55
"2047","18",90.57
"2048","16",90.58
"2049","16",90.59
"2050","16",90.64
"2051","18",90.66
"2052","18",90.67
"2053","18",90.71
"2054","18",90.8
"2055","18",90.82
"2056","20",90.85
"2057","18",90.86
"2058","18",90.88
"2059","16",90.88
"2060","16",90.89
"2061","18",90.94
"2062","18",91.05
"2063","18",91.05
"2064","18",91.06
"2065","16",91.07
"2066","18",91.13
"2067","16",91.17
"2068","16",91.22
"2069","16",91.24
"2070","18",91.25
"2071","16",91.29
"2072","16",91.31
"2073","18",91.33
"2074","16",91.34
"2075","18",91.34
"2076","18",91.35
"2077","16",91.38
"2078","18",91.38
"2079","18",91.38
"2080","18",91.43
"2081","18",91.46
"2082","18",91.48
"2083","16",91.53
"2084","18",91.57
"2085","18",91.64
"2086","16",91.66
"2087","16",91.7
"2088","16",91.71
"2089","18",91.72
"2090","18",91.73
"2091","16",91.78
"2092","18",91.81
"2093","18",91.85
"2094","18",91.9
"2095","18",91.91
"2096","18",91.93
"2097","18",91.95
"2098","16",91.97
"2099","20",91.97
"2100","16",92.02
"2101","16",92.08
"2102","16",92.09
"2103","16",92.09
"2104","16",92.13
"2105","18",92.19
"2106","18",92.2
"2107","16",92.21
"2108","18",92.21
"2109","16",92.23
"2110","16",92.25
"2111","16",92.3
"2112","16",92.3
"2113","16",92.31
"2114","18",92.31
"2115","20",92.32
"2116","16",92.36
"2117","18",92.39
"2118","16",92.42
"2119","18",92.43
"2120","18",92.44
"2121","18",92.48
"2122","18",92.53
"2123","16",92.55
"2124","18",92.56
"2125","16",92.59
"2126","18",92.59
"2127","16",92.64
"2128","16",92.66
"2129","18",92.72
"2130","18",92.73
"2131","16",92.74
"2132","18",92.75
"2133","18",92.78
"2134","18",92.79
"2135","18",92.83
"2136","18",92.85
"2137","16",92.9
"2138","16",92.92
"2139","16",92.94
"2140","16",92.95
"2141","18",92.96
"2142","16",92.96
"2143","18",93.02
"2144","20",93.07
"2145","18",93.07
"2146","18",93.07
"2147","18",93.08
"2148","18",93.08
"2149","18",93.15
"2150","18",93.16
"2151","16",93.39
"2152","16",93.43
"2153","18",93.51
"2154","18",93.52
"2155","16",93.57
"2156","18",93.57
"2157","18",93.57
"2158","18",93.63
"2159","18",93.73
"2160","18",93.73
"2161","18",93.74
"2162","18",93.75
"2163","16",93.75
"2164","16",93.76
"2165","16",93.76
"2166","16",93.77
"2167","18",93.78
"2168","18",93.8
"2169","18",93.8
"2170","18",93.83
"2171","18",93.84
"2172","20",93.86
"2173","16",93.95
"2174","16",93.97
"2175","20",94.04
"2176","18",94.05
"2177","18",94.05
"2178","18",94.05
"2179","18",94.05
"2180","18",94.08
"2181","18",94.1
"2182","18",94.1
"2183","18",94.13
"2184","20",94.16
"2185","18",94.19
"2186","20",94.19
"2187","20",94.24
"2188","16",94.25
"2189","18",94.27
"2190","18",94.32
"2191","20",94.33
"2192","18",94.34
"2193","20",94.35
"2194","18",94.37
"2195","16",94.37
"2196","16",94.38
"2197","18",94.44
"2198","16",94.45
"2199","18",94.46
"2200","18",94.46
"2201","18",94.47
"2202","18",94.5
"2203","18",94.53
"2204","18",94.55
"2205","18",94.56
"2206","16",94.56
"2207","16",94.59
"2208","18",94.62
"2209","18",94.66
"2210","18",94.66
"2211","18",94.68
"2212","18",94.69
"2213","18",94.73
"2214","16",94.81
"2215","18",94.83
"2216","18",94.84
"2217","18",94.85
"2218","18",94.88
"2219","18",94.88
"2220","18",94.91
"2221","18",94.98
"2222","18",94.98
"2223","18",95.01
"2224","16",95.04
"2225","16",95.1
"2226","18",95.1
"2227","16",95.11
"2228","18",95.19
"2229","18",95.24
"2230","18",95.31
"2231","20",95.32
"2232","18",95.32
"2233","18",95.33
"2234","18",95.33
"2235","16",95.45
"2236","16",95.48
"2237","18",95.49
"2238","18",95.5
"2239","18",95.5
"2240","20",95.52
"2241","18",95.55
"2242","18",95.61
"2243","18",95.64
"2244","16",95.66
"2245","18",95.76
"2246","20",95.8
"2247","20",95.83
"2248","20",95.84
"2249","18",95.89
"2250","18",95.9
"2251","18",95.93
"2252","16",96.02
"2253","18",96.06
"2254","18",96.13
"2255","20",96.14
"2256","16",96.15
"2257","18",96.17
"2258","18",96.18
"2259","20",96.2
"2260","16",96.24
"2261","16",96.26
"2262","18",96.28
"2263","18",96.29
"2264","18",96.45
"2265","18",96.47
"2266","18",96.55
"2267","18",96.56
"2268","20",96.58
"2269","18",96.58
"2270","18",96.6
"2271","16",96.64
"2272","16",96.65
"2273","18",96.67
"2274","18",96.67
"2275","18",96.74
"2276","18",96.85
"2277","18",96.87
"2278","18",96.89
"2279","18",96.89
"2280","18",96.91
"2281","20",96.93
"2282","20",96.94
"2283","18",96.94
"2284","18",97.03
"2285","18",97.04
"2286","18",97.07
"2287","16",97.07
"2288","20",97.11
"2289","20",97.11
"2290","18",97.11
"2291","18",97.14
"2292","18",97.15
"2293","16",97.18
"2294","18",97.22
"2295","18",97.24
"2296","18",97.26
"2297","18",97.28
"2298","18",97.3
"2299","18",97.4
"2300","18",97.46
"2301","18",97.48
"2302","20",97.53
"2303","18",97.54
"2304","18",97.59
"2305","18",97.65
"2306","18",97.66
"2307","20",97.67
"2308","16",97.69
"2309","18",97.69
"2310","18",97.72
"2311","18",97.73
"2312","18",97.74
"2313","16",97.76
"2314","18",97.76
"2315","18",97.78
"2316","16",97.81
"2317","18",97.81
"2318","20",97.83
"2319","18",97.83
"2320","16",97.84
"2321","18",97.86
"2322","18",97.87
"2323","20",97.9
"2324","20",97.93
"2325","18",97.96
"2326","20",97.97
"2327","18",97.99
"2328","18",97.99
"2329","18",98.01
"2330","18",98.06
"2331","18",98.06
"2332","18",98.12
"2333","18",98.14
"2334","18",98.16
"2335","18",98.19
"2336","18",98.2
"2337","20",98.2
"2338","20",98.22
"2339","20",98.29
"2340","16",98.33
"2341","20",98.35
"2342","20",98.46
"2343","16",98.47
"2344","16",98.53
"2345","18",98.57
"2346","18",98.6
"2347","20",98.64
"2348","18",98.73
"2349","20",98.73
"2350","18",98.74
"2351","18",98.77
"2352","18",98.78
"2353","18",98.78
"2354","18",98.81
"2355","18",98.83
"2356","18",98.83
"2357","20",98.89
"2358","18",98.92
"2359","20",98.95
"2360","20",99.04
"2361","16",99.04
"2362","20",99.1
"2363","18",99.13
"2364","20",99.15
"2365","20",99.16
"2366","18",99.29
"2367","20",99.33
"2368","18",99.37
"2369","18",99.4
"2370","18",99.44
"2371","16",99.49
"2372","23",99.5
"2373","18",99.54
"2374","18",99.54
"2375","20",99.58
"2376","20",99.64
"2377","18",99.69
"2378","18",99.69
"2379","18",99.72
"2380","18",99.76
"2381","16",99.78
"2382","23",99.81
"2383","18",99.81
"2384","20",99.94
"2385","18",99.94
"2386","18",99.97
"2387","18",99.99
"2388","18",100.01
"2389","18",100.02
"2390","20",100.05
"2391","18",100.1
"2392","18",100.11
"2393","18",100.19
"2394","20",100.24
"2395","18",100.27
"2396","20",100.29
"2397","18",100.32
"2398","18",100.34
"2399","20",100.35
"2400","18",100.35
"2401","20",100.4
"2402","18",100.4
"2403","18",100.41
"2404","18",100.54
"2405","18",100.55
"2406","18",100.6
"2407","18",100.64
"2408","20",100.66
"2409","18",100.69
"2410","20",100.77
"2411","18",100.81
"2412","20",100.81
"2413","18",100.86
"2414","18",100.91
"2415","18",100.92
"2416","18",100.97
"2417","20",101.03
"2418","18",101.09
"2419","18",101.13
"2420","20",101.15
"2421","16",101.16
"2422","20",101.18
"2423","18",101.18
"2424","18",101.22
"2425","20",101.25
"2426","20",101.29
"2427","18",101.38
"2428","18",101.4
"2429","18",101.42
"2430","20",101.43
"2431","18",101.59
"2432","18",101.61
"2433","20",101.63
"2434","20",101.67
"2435","18",101.69
"2436","20",101.71
"2437","20",101.74
"2438","20",101.79
"2439","20",101.95
"2440","18",102.04
"2441","20",102.05
"2442","18",102.06
"2443","20",102.08
"2444","20",102.09
"2445","20",102.18
"2446","18",102.23
"2447","20",102.26
"2448","20",102.27
"2449","20",102.27
"2450","20",102.29
"2451","20",102.31
"2452","20",102.31
"2453","18",102.32
"2454","20",102.34
"2455","20",102.36
"2456","18",102.36
"2457","18",102.37
"2458","18",102.45
"2459","18",102.45
"2460","20",102.52
"2461","18",102.53
"2462","20",102.56
"2463","18",102.56
"2464","20",102.57
"2465","18",102.58
"2466","20",102.62
"2467","16",102.62
"2468","18",102.63
"2469","20",102.63
"2470","20",102.74
"2471","18",102.77
"2472","20",102.89
"2473","20",102.93
"2474","18",102.97
"2475","18",102.98
"2476","18",103
"2477","20",103.04
"2478","20",103.04
"2479","18",103.13
"2480","20",103.17
"2481","20",103.2
"2482","20",103.3
"2483","20",103.35
"2484","18",103.38
"2485","20",103.38
"2486","18",103.5
"2487","18",103.56
"2488","18",103.58
"2489","20",103.64
"2490","18",103.72
"2491","18",103.81
"2492","18",103.83
"2493","20",103.83
"2494","18",103.84
"2495","18",103.84
"2496","20",103.91
"2497","20",103.96
"2498","18",104.03
"2499","18",104.04
"2500","20",104.05
"2501","20",104.07
"2502","18",104.16
"2503","18",104.21
"2504","20",104.23
"2505","20",104.24
"2506","20",104.27
"2507","20",104.29
"2508","20",104.31
"2509","20",104.31
"2510","23",104.37
"2511","18",104.44
"2512","20",104.5
"2513","20",104.5
"2514","23",104.53
"2515","20",104.56
"2516","23",104.59
"2517","20",104.6
"2518","20",104.62
"2519","20",104.73
"2520","20",104.74
"2521","18",104.75
"2522","20",104.78
"2523","20",104.78
"2524","20",104.9
"2525","20",105.03
"2526","20",105.05
"2527","20",105.05
"2528","20",105.09
"2529","18",105.12
"2530","18",105.16
"2531","20",105.18
"2532","20",105.19
"2533","20",105.21
"2534","20",105.28
"2535","18",105.38
"2536","20",105.47
"2537","20",105.52
"2538","20",105.56
"2539","20",105.7
"2540","20",105.72
"2541","20",105.76
"2542","20",105.92
"2543","18",106.01
"2544","20",106.08
"2545","20",106.09
"2546","18",106.18
"2547","20",106.19
"2548","18",106.33
"2549","18",106.35
"2550","20",106.36
"2551","20",106.38
"2552","20",106.44
"2553","20",106.45
"2554","18",106.61
"2555","23",106.67
"2556","23",106.7
"2557","20",106.74
"2558","20",106.75
"2559","20",106.84
"2560","20",106.94
"2561","23",106.96
"2562","18",106.98
"2563","20",107.01
"2564","18",107.15
"2565","18",107.19
"2566","20",107.21
"2567","20",107.27
"2568","20",107.31
"2569","20",107.32
"2570","20",107.41
"2571","20",107.42
"2572","23",107.51
"2573","18",107.53
"2574","18",107.54
"2575","20",107.61
"2576","20",107.67
"2577","18",107.72
"2578","18",107.73
"2579","20",107.78
"2580","20",107.78
"2581","20",107.86
"2582","20",107.87
"2583","20",107.87
"2584","20",107.88
"2585","20",107.97
"2586","20",107.98
"2587","18",108.03
"2588","23",108.13
"2589","18",108.19
"2590","20",108.22
"2591","23",108.23
"2592","23",108.23
"2593","20",108.29
"2594","18",108.34
"2595","20",108.37
"2596","20",108.4
"2597","20",108.41
"2598","23",108.44
"2599","20",108.59
"2600","20",108.6
"2601","20",108.62
"2602","20",108.72
"2603","20",108.74
"2604","20",108.78
"2605","23",108.8
"2606","20",108.86
"2607","18",108.89
"2608","20",108.93
"2609","23",109.02
"2610","20",109.05
"2611","23",109.09
"2612","18",109.13
"2613","20",109.13
"2614","20",109.18
"2615","20",109.2
"2616","20",109.21
"2617","20",109.28
"2618","18",109.3
"2619","20",109.5
"2620","20",109.54
"2621","23",109.56
"2622","20",109.59
"2623","20",109.64
"2624","20",109.66
"2625","20",109.71
"2626","20",109.73
"2627","20",109.82
"2628","20",109.85
"2629","20",110
"2630","23",110.05
"2631","20",110.07
"2632","18",110.22
"2633","20",110.25
"2634","18",110.46
"2635","18",110.48
"2636","20",110.52
"2637","18",110.63
"2638","23",110.69
"2639","20",110.69
"2640","20",110.78
"2641","20",110.83
"2642","20",110.88
"2643","20",110.93
"2644","20",110.97
"2645","20",111.06
"2646","23",111.07
"2647","20",111.09
"2648","20",111.11
"2649","20",111.11
"2650","23",111.19
"2651","23",111.28
"2652","20",111.31
"2653","20",111.31
"2654","20",111.34
"2655","20",111.45
"2656","20",111.5
"2657","20",111.68
"2658","20",111.7
"2659","20",111.73
"2660","23",111.73
"2661","23",111.79
"2662","20",111.8
"2663","20",111.82
"2664","20",111.86
"2665","23",111.86
"2666","20",111.88
"2667","23",111.88
"2668","23",111.94
"2669","23",111.96
"2670","23",112.05
"2671","20",112.2
"2672","18",112.25
"2673","23",112.46
"2674","23",112.51
"2675","20",112.53
"2676","20",112.58
"2677","20",112.63
"2678","20",112.66
"2679","23",112.8
"2680","20",112.81
"2681","20",112.95
"2682","23",113.07
"2683","23",113.17
"2684","20",113.17
"2685","23",113.17
"2686","23",113.29
"2687","20",113.34
"2688","23",113.4
"2689","23",113.42
"2690","23",113.45
"2691","20",113.5
"2692","20",113.54
"2693","23",113.58
"2694","20",113.59
"2695","20",113.63
"2696","20",113.64
"2697","20",113.68
"2698","20",113.71
"2699","18",113.81
"2700","20",113.81
"2701","20",113.83
"2702","23",113.84
"2703","20",113.9
"2704","23",114.05
"2705","20",114.05
"2706","23",114.1
"2707","20",114.29
"2708","23",114.36
"2709","18",114.41
"2710","23",114.43
"2711","23",114.54
"2712","23",114.55
"2713","20",114.63
"2714","20",114.66
"2715","23",114.69
"2716","20",114.7
"2717","23",114.74
"2718","20",114.81
"2719","23",114.88
"2720","23",114.89
"2721","23",114.95
"2722","23",114.97
"2723","23",115.05
"2724","23",115.13
"2725","20",115.14
"2726","23",115.14
"2727","23",115.17
"2728","20",115.21
"2729","20",115.21
"2730","20",115.32
"2731","20",115.37
"2732","23",115.47
"2733","20",115.51
"2734","23",115.52
"2735","23",115.6
"2736","20",115.81
"2737","20",115.83
"2738","20",115.95
"2739","20",116.27
"2740","23",116.27
"2741","20",116.27
"2742","23",116.28
"2743","18",116.33
"2744","20",116.34
"2745","20",116.51
"2746","23",116.53
"2747","23",116.88
"2748","20",116.9
"2749","23",117.05
"2750","20",117.05
"2751","23",117.14
"2752","23",117.16
"2753","23",117.2
"2754","20",117.22
"2755","23",117.4
"2756","23",117.45
"2757","23",117.48
"2758","23",117.49
"2759","20",117.49
"2760","23",117.55
"2761","23",117.62
"2762","20",117.77
"2763","23",117.82
"2764","20",117.84
"2765","23",118.05
"2766","20",118.07
"2767","20",118.14
"2768","23",118.14
"2769","23",118.15
"2770","23",118.25
"2771","18",118.26
"2772","23",118.32
"2773","23",118.36
"2774","23",118.41
"2775","20",118.51
"2776","23",118.73
"2777","23",118.91
"2778","23",119
"2779","23",119.02
"2780","23",119.3
"2781","23",119.32
"2782","23",119.33
"2783","20",119.38
"2784","23",119.39
"2785","23",119.43
"2786","20",119.52
"2787","20",119.55
"2788","20",119.58
"2789","20",119.58
"2790","23",119.59
"2791","23",119.61
"2792","23",119.62
"2793","23",119.63
"2794","23",119.8
"2795","23",119.83
"2796","23",119.95
"2797","20",120.03
"2798","23",120.04
"2799","23",120.05
"2800","23",120.19
"2801","23",120.22
"2802","20",120.23
"2803","23",120.28
"2804","23",120.49
"2805","23",120.65
"2806","26",120.69
"2807","23",120.94
"2808","23",121.08
"2809","23",121.32
"2810","23",121.35
"2811","23",121.37
"2812","23",121.49
"2813","23",121.53
"2814","23",121.76
"2815","23",121.87
"2816","23",121.9
"2817","23",122.21
"2818","23",122.24
"2819","23",122.36
"2820","23",122.52
"2821","23",122.57
"2822","23",122.63
"2823","23",122.67
"2824","23",122.73
"2825","20",122.74
"2826","23",122.82
"2827","20",122.93
"2828","23",122.96
"2829","23",123
"2830","23",123.2
"2831","23",123.25
"2832","23",123.34
"2833","23",123.38
"2834","23",123.45
"2835","23",123.49
"2836","23",123.59
"2837","23",123.62
"2838","23",123.62
"2839","23",123.7
"2840","23",123.95
"2841","26",123.96
"2842","23",124.14
"2843","23",124.25
"2844","23",124.26
"2845","23",124.34
"2846","23",124.35
"2847","23",124.49
"2848","23",124.57
"2849","23",124.58
"2850","20",124.65
"2851","23",124.72
"2852","23",124.73
"2853","23",124.98
"2854","23",125.08
"2855","23",125.08
"2856","23",125.15
"2857","23",125.26
"2858","23",125.5
"2859","23",125.52
"2860","23",125.93
"2861","20",125.96
"2862","23",126.15
"2863","26",126.32
"2864","23",126.69
"2865","23",126.82
"2866","23",126.83
"2867","23",126.85
"2868","23",126.92
"2869","23",126.99
"2870","23",127
"2871","23",127.01
"2872","26",127.09
"2873","23",127.09
"2874","23",127.13
"2875","23",127.23
"2876","23",127.88
"2877","26",127.93
"2878","23",128.13
"2879","23",128.4
"2880","23",128.49
"2881","23",128.51
"2882","23",128.54
"2883","26",128.73
"2884","23",128.73
"2885","23",128.91
"2886","23",129.27
"2887","26",129.56
"2888","23",129.86
"2889","23",130.02
"2890","23",130.21
"2891","26",130.36
"2892","23",130.52
"2893","23",130.56
"2894","23",130.59
"2895","26",131.01
"2896","26",131.09
"2897","26",131.35
"2898","23",131.39
"2899","23",131.39
"2900","23",131.43
"2901","26",131.47
"2902","20",131.75
"2903","23",131.78
"2904","23",131.86
"2905","23",132
"2906","23",132.05
"2907","23",132.71
"2908","30",132.78
"2909","26",132.86
"2910","26",133.04
"2911","23",133.11
"2912","23",133.26
"2913","23",133.58
"2914","23",133.86
"2915","23",134.14
"2916","23",134.2
"2917","26",134.39
"2918","23",135.32
"2919","23",135.52
"2920","26",135.6
"2921","26",135.84
"2922","26",136
"2923","23",136.61
"2924","23",136.78
"2925","23",136.78
"2926","26",137.06
"2927","26",137.09
"2928","23",137.12
"2929","30",137.15
"2930","23",137.26
"2931","23",137.66
"2932","26",137.96
"2933","23",138.48
"2934","26",138.83
"2935","23",139.38
"2936","26",139.49
"2937","23",139.96
"2938","30",140.08
"2939","26",140.24
"2940","30",140.5
"2941","26",140.56
"2942","30",140.68
"2943","23",140.68
"2944","26",140.97
"2945","26",141.17
"2946","26",141.38
"2947","30",141.79
"2948","26",141.93
"2949","26",141.99
"2950","23",142.4
"2951","26",142.53
"2952","23",142.92
"2953","23",142.97
"2954","26",143.13
"2955","30",143.25
"2956","26",143.88
"2957","30",144.07
"2958","26",144.68
"2959","26",145.12
"2960","26",145.33
"2961","26",145.53
"2962","30",145.59
"2963","26",146.41
"2964","26",147.06
"2965","26",148
"2966","26",148.39
"2967","26",148.45
"2968","26",149.56
"2969","26",149.91
"2970","30",150.83
"2971","26",151.17
"2972","30",152.87
"2973","30",152.92
"2974","30",153.2
"2975","30",154
"2976","30",154.9
"2977","30",154.94
"2978","30",155.61
"2979","26",155.82
"2980","30",155.86
"2981","30",155.89
"2982","30",156.63
"2983","30",156.67
"2984","30",156.82
"2985","30",156.88
"2986","30",156.92
"2987","30",157.69
"2988","30",158.87
"2989","30",163.32
"2990","30",165.33
"2991","30",165.92
"2992","30",166.65
"2993","30",168.09
"2994","30",169.86
"2995","30",171.05
"2996","30",172.3
